[{"model": "booking.passager", "pk": 1, "fields": {"prenom": "Thomas", "nom": "Doppia", "date_naissance": "2024-05-06", "client": 1}}, {"model": "booking.passager", "pk": 2, "fields": {"prenom": "Loïs", "nom": "Sélina", "date_naissance": "1998-05-06", "client": 3}}, {"model": "booking.passager", "pk": 3, "fields": {"prenom": "Arthur", "nom": "Sélina", "date_naissance": "2011-07-13", "client": 3}}, {"model": "booking.passager", "pk": 4, "fields": {"prenom": "Stéphane", "nom": "Bourdier", "date_naissance": "1978-05-06", "client": 4}}, {"model": "booking.passager", "pk": 5, "fields": {"prenom": "Anne-Sophie", "nom": "Doppia", "date_naissance": "1972-12-26", "client": 1}}, {"model": "booking.gare", "pk": 1, "fields": {"nom": "Toulouse Matabiau", "ville": "Toulouse", "position": "43.6044622,1.4442469"}}, {"model": "booking.gare", "pk": 2, "fields": {"nom": "Toulouse Matabiau", "ville": "TOULOUSE", "position": "43.61123790000001,1.4537586"}}, {"model": "booking.gare", "pk": 3, "fields": {"nom": "Paris Système Ferroviaire", "ville": "Paris", "position": "48.8804003,2.3549733"}}, {"model": "booking.gare", "pk": 4, "fields": {"nom": "Bordeaux Saint-Jean", "ville": "Bordeaux", "position": "44.8256587,-0.5555868"}}, {"model": "booking.gare", "pk": 5, "fields": {"nom": "Lyon Part-Dieu", "ville": "Lyon", "position": "45.7605302,4.8605695"}}, {"model": "booking.gare", "pk": 6, "fields": {"nom": "Gare de Tourcoing", "ville": "Tourcoing", "position": "50.7235038,3.1605714"}}, {"model": "booking.gare", "pk": 7, "fields": {"nom": "Lille Flandres", "ville": "Lille", "position": "50.6363511,3.0706683"}}, {"model": "booking.gare", "pk": 8, "fields": {"nom": "Gare de Brest", "ville": "Brest", "position": "48.38776215,-4.480119625792684"}}, {"model": "booking.gare", "pk": 9, "fields": {"nom": "Gare de Poitiers", "ville": "Poitiers", "position": "46.5822131,0.3330818393882638"}}, {"model": "booking.gare", "pk": 10, "fields": {"nom": "Gare de Strasbourg-Ville", "ville": "Strasbourg", "position": "48.8400624,2.3191085"}}, {"model": "booking.trajet", "pk": 1, "fields": {"gare_depart": 1, "gare_arrivee": 4, "date_depart": "2024-05-03T13:14:03Z", "date_arrivee": "2024-05-03T15:14:05Z", "max_passagers": 10000}}, {"model": "booking.trajet", "pk": 2, "fields": {"gare_depart": 4, "gare_arrivee": 3, "date_depart": "2024-05-03T15:20:17Z", "date_arrivee": "2024-05-03T17:00:00Z", "max_passagers": 10000}}, {"model": "booking.trajet", "pk": 3, "fields": {"gare_depart": 3, "gare_arrivee": 7, "date_depart": "2024-05-03T18:10:00Z", "date_arrivee": "2024-05-03T19:30:00Z", "max_passagers": 10000}}, {"model": "booking.trajet", "pk": 4, "fields": {"gare_depart": 6, "gare_arrivee": 7, "date_depart": "2024-05-03T08:15:48Z", "date_arrivee": "2024-05-03T08:30:00Z", "max_passagers": 10000}}, {"model": "booking.trajet", "pk": 5, "fields": {"gare_depart": 7, "gare_arrivee": 3, "date_depart": "2024-05-03T08:45:00Z", "date_arrivee": "2024-05-03T09:15:00Z", "max_passagers": 10000}}, {"model": "booking.trajet", "pk": 6, "fields": {"gare_depart": 3, "gare_arrivee": 9, "date_depart": "2024-05-03T10:00:00Z", "date_arrivee": "2024-05-03T11:00:00Z", "max_passagers": 10000}}, {"model": "booking.trajet", "pk": 7, "fields": {"gare_depart": 3, "gare_arrivee": 4, "date_depart": "2024-05-03T10:00:00Z", "date_arrivee": "2024-05-03T12:00:00Z", "max_passagers": 10000}}, {"model": "booking.trajet", "pk": 8, "fields": {"gare_depart": 3, "gare_arrivee": 10, "date_depart": "2024-05-03T07:00:00Z", "date_arrivee": "2024-05-03T10:00:00Z", "max_passagers": 10000}}, {"model": "booking.trajet", "pk": 9, "fields": {"gare_depart": 9, "gare_arrivee": 3, "date_depart": "2024-05-03T07:11:46Z", "date_arrivee": "2024-05-03T09:11:47Z", "max_passagers": 10000}}, {"model": "booking.trajet", "pk": 10, "fields": {"gare_depart": 10, "gare_arrivee": 3, "date_depart": "2024-05-03T13:14:26Z", "date_arrivee": "2024-05-03T15:14:27Z", "max_passagers": 10000}}, {"model": "booking.trajet", "pk": 11, "fields": {"gare_depart": 7, "gare_arrivee": 6, "date_depart": "2024-05-03T07:14:51Z", "date_arrivee": "2024-05-03T07:30:52Z", "max_passagers": 10000}}, {"model": "booking.trajet", "pk": 12, "fields": {"gare_depart": 4, "gare_arrivee": 1, "date_depart": "2024-05-03T10:00:00Z", "date_arrivee": "2024-05-03T12:15:00Z", "max_passagers": 10000}}, {"model": "booking.trajet", "pk": 13, "fields": {"gare_depart": 1, "gare_arrivee": 5, "date_depart": "2024-05-03T13:16:00Z", "date_arrivee": "2024-05-03T16:16:02Z", "max_passagers": 10000}}, {"model": "booking.trajet", "pk": 14, "fields": {"gare_depart": 5, "gare_arrivee": 1, "date_depart": "2024-05-03T17:00:00Z", "date_arrivee": "2024-05-03T20:00:00Z", "max_passagers": 10000}}, {"model": "booking.trajet", "pk": 15, "fields": {"gare_depart": 5, "gare_arrivee": 3, "date_depart": "2024-05-03T08:00:00Z", "date_arrivee": "2024-05-03T11:30:00Z", "max_passagers": 10000}}, {"model": "booking.trajet", "pk": 16, "fields": {"gare_depart": 3, "gare_arrivee": 5, "date_depart": "2024-05-03T12:45:00Z", "date_arrivee": "2024-05-03T15:15:00Z", "max_passagers": 10000}}, {"model": "booking.reservation", "pk": 1, "fields": {"date_reservation": "2024-05-06T07:57:07Z", "numero_voiture": 5, "numero_place": 5, "passager": 1, "client": 1, "trajet": 2}}, {"model": "booking.reservation", "pk": 2, "fields": {"date_reservation": "2024-05-06T13:50:01Z", "numero_voiture": 12, "numero_place": 183, "passager": 4, "client": 4, "trajet": 3}}, {"model": "booking.reservation", "pk": 3, "fields": {"date_reservation": "2024-05-06T13:50:39Z", "numero_voiture": 5, "numero_place": 12, "passager": 2, "client": 3, "trajet": 10}}, {"model": "booking.reservation", "pk": 4, "fields": {"date_reservation": "2024-05-06T13:50:43Z", "numero_voiture": 6, "numero_place": 73, "passager": 1, "client": 1, "trajet": 15}}, {"model": "booking.reservation", "pk": 5, "fields": {"date_reservation": "2024-05-06T21:58:35.011Z", "numero_voiture": 2, "numero_place": 2, "passager": 1, "client": 1, "trajet": 4}}, {"model": "auth.user", "pk": 1, "fields": {"password": "pbkdf2_sha256$600000$fTayADgThII6PNzyYWIcoP$ypCTcmHTHkXGQOwGM+JM5HFLefbauJgrmXkaN9H8tGQ=", "last_login": "2024-05-06T22:05:43.473Z", "is_superuser": true, "username": "admin", "first_name": "", "last_name": "", "email": "admin@gmail.com", "is_staff": true, "is_active": true, "date_joined": "2024-05-03T12:53:23.727Z", "groups": [], "user_permissions": []}}, {"model": "auth.user", "pk": 2, "fields": {"password": "pbkdf2_sha256$600000$N0iH0BMliojpSVAUjak4Tl$Br4lADjjgPjqxh/K53xTcYQ6N8+aclTuCFZDudoOMU4=", "last_login": null, "is_superuser": false, "username": "Thomas", "first_name": "", "last_name": "", "email": "", "is_staff": false, "is_active": true, "date_joined": "2024-05-03T12:54:18.437Z", "groups": [], "user_permissions": []}}, {"model": "auth.user", "pk": 3, "fields": {"password": "pbkdf2_sha256$600000$GxnvwaSIUzVT5xCebpZkjp$OCf9jsChO+KUzOOfmOQ3WCo3xeM0v3ZyUejqCi5xOZc=", "last_login": null, "is_superuser": false, "username": "Marie", "first_name": "", "last_name": "", "email": "", "is_staff": false, "is_active": true, "date_joined": "2024-05-03T12:54:35.961Z", "groups": [], "user_permissions": []}}, {"model": "auth.user", "pk": 4, "fields": {"password": "pbkdf2_sha256$600000$N0fftGPH9EU8xRia0Z3c2u$W/e4QvDA186gWgDEIdgtP7kUnSxmygA8WDtdRzcOVWU=", "last_login": null, "is_superuser": false, "username": "Steph", "first_name": "Stéphane", "last_name": "Bourdier", "email": "", "is_staff": false, "is_active": true, "date_joined": "2024-05-06T13:17:54Z", "groups": [], "user_permissions": []}}, {"model": "auth.user", "pk": 5, "fields": {"password": "pbkdf2_sha256$600000$WyHuRUHAgrk1S99QNTaj0G$/VTO5jx3q2FtsiGHqOF24L2+ddbI7or1s287aN8cgTY=", "last_login": null, "is_superuser": false, "username": "Loïs", "first_name": "Loïs", "last_name": "Sélina", "email": "", "is_staff": false, "is_active": true, "date_joined": "2024-05-06T13:18:28Z", "groups": [], "user_permissions": []}}, {"model": "booking.client", "pk": 1, "fields": {"user": ["admin"], "telephone": "+33205040909", "prenom": "Thomas", "nom": "Doppia", "adresse": "8 rue du camp"}}, {"model": "booking.client", "pk": 2, "fields": {"user": ["Marie"], "telephone": "+33608751124", "prenom": "Marie", "nom": "Capet", "adresse": "7 rue du campet"}}, {"model": "booking.client", "pk": 3, "fields": {"user": ["Loïs"], "telephone": "+33789764512", "prenom": "Loïs", "nom": "Sélina", "adresse": "Lieu dit de la lame"}}, {"model": "booking.client", "pk": 4, "fields": {"user": ["Steph"], "telephone": "+33154659734", "prenom": "Stéphane", "nom": "Bourdier", "adresse": "Rue de la mie de pain"}}]